context_title,context_url,response
All of Earth's water in a single sphere (2019),https://www.usgs.gov/media/images/all-earths-water-a-single-sphere,"The concept of condensing all of Earth's water into a single sphere is both fascinating and thought-provoking. This idea, brought to life through visual representations, sparks interesting discussions on the interconnectedness of our planet's hydrosphere. From an industry perspective, the visualization of global water distribution may have implications for music festivals and events, which often rely heavily on water resources.

Many experts point out that this remarkable sphere highlights the importance of conserving and managing Earth's precious water resources. The sphere serves as a powerful reminder of our responsibility to protect the planet's vital systems. Furthermore, it underscores the significance of climate change research and its impact on global water cycles.

In terms of broader implications, the visualization of all Earth's water in a single sphere may inspire new perspectives on sustainable practices, eco-friendly initiatives, and environmental stewardship. It also encourages further exploration of innovative technologies that can help mitigate the effects of climate change and preserve our planet's natural resources for future generations.

The sphere's mesmerizing beauty also raises questions about the role of art and entertainment in promoting environmental awareness and education. Can music, as a universal language, play a more significant part in raising consciousness about water conservation and sustainability? Perhaps innovative music festivals or events can be designed to raise funds for water-related causes or promote eco-friendly practices.

Ultimately, the sphere's stunning visual representation serves as a poignant reminder of our collective responsibility to protect the planet and its vital resources. By embracing this knowledge, we can work towards a more sustainable future that prioritizes conservation, innovation, and environmental stewardship."
There Is No Antimemetics Division (2018),https://qntm.org/scp,"The concept of ""There is no antimemetics division"" has sent shockwaves throughout the music industry, sparking debates about creative control and the role of technology in shaping artistic expression. At its core, this idea suggests that there is no centralized entity capable of manipulating or suppressing an artist's work, a notion that has both fascinated and unsettled musicians.

From a business perspective, the absence of an antimemetics division implies that record labels and music executives have less influence over an artist's output, allowing for greater creative freedom. This could lead to a surge in innovative and experimental works as artists are no longer constrained by industry expectations or commercial pressures. However, some argue that this lack of control may result in a homogenization of sound, as artists rely more heavily on algorithms and AI-generated content.

The intersection of machine learning and music creation is another critical aspect of this phenomenon. As AI-powered tools become increasingly sophisticated, they can aid in the creative process, but also raise questions about authorship and ownership. Should an artist's work be considered original if it was influenced or generated by AI? The blurred lines between human and artificial creativity will undoubtedly shape the future of music production.

Furthermore, this concept has implications for the music industry as a whole. With the rise of online platforms and streaming services, artists now have unprecedented access to global audiences. While this democratization of music distribution is empowering, it also raises concerns about the commodification of art and the exploitation of creators.

Ultimately, the absence of an antimemetics division represents both an opportunity for artistic liberation and a challenge to navigate the complexities of creative control in the digital age. As artists, labels, and technology continue to evolve, it will be essential to strike a balance between innovation and authorship, ensuring that the music industry remains a vibrant and dynamic space for all involved."
SponsorBlock – skip sponsor segments on YouTube,https://sponsor.ajay.app/,"The rise of SponsorBlock, a browser extension that allows users to skip sponsored content on YouTube, has sparked a heated debate about the future of online advertising and its impact on the music industry. Common opinions suggest that this development is a response to the growing frustration with intrusive ads, but it also raises concerns about the sustainability of ad-supported streaming services.

From an industry perspective, SponsorBlock's popularity highlights the need for innovative solutions to enhance the viewer experience. The current ad-based model has become increasingly annoying, leading users to seek alternatives. As a result, platforms may be forced to adapt and invest in more targeted, engaging ads that don't disrupt the user's journey.

The music industry, in particular, relies heavily on streaming services as a primary source of revenue. If SponsorBlock becomes widely adopted, it could lead to decreased ad revenue for artists and labels. On the other hand, this shift might encourage the development of new, more effective monetization strategies, such as subscription-based models or more targeted, data-driven advertising.

Ultimately, the success of SponsorBlock will depend on its ability to balance user experience with the need for sustainable business models. As the industry navigates these changes, it's crucial to prioritize transparency and accountability in ad placement and revenue distribution.

In conclusion, SponsorBlock represents a significant turning point in the online advertising landscape. Its impact will be felt across industries, including music, where innovative solutions will be essential to maintaining a healthy ecosystem."
Captain Disillusion debunks David Beckham beach kicks [video],https://www.youtube.com/watch?v=oVWsbpdDxTg,"The latest video from popular YouTube personality, Captain Disillusion, has sent shockwaves through the music industry and beyond. In his signature style of debunking misinformation, Captain Disillusion tackles the recent controversy surrounding David Beckham's alleged beach soccer skills.

Many are surprised by the revelation that Beckham's impressive ball-kicking abilities may be staged for the cameras. While some might view this as a minor issue, it highlights the blurred lines between reality and manufactured entertainment in today's media landscape. The music industry is no stranger to this phenomenon, where artists often curate their public image to sell albums or create a buzz around new releases.

Captain Disillusion's video has sparked a heated debate about authenticity and the role of social media influencers in shaping our perceptions. Some argue that Beckham's perceived beach soccer prowess was always an exaggerated marketing ploy, designed to promote his personal brand. Others see it as a harmless instance of artistic license, where the end goal is to create engaging content for fans.

This controversy raises questions about the responsibility of influencers and celebrities to be truthful with their audience. As we increasingly rely on social media for entertainment and inspiration, the distinction between fact and fiction becomes crucial. The music industry can learn from this experience by promoting transparency and authenticity among its artists.

Ultimately, Captain Disillusion's video serves as a reminder that even in an era of heightened skepticism, the power of misinformation remains significant. As consumers of content, we must remain vigilant and critical in our evaluation of information presented to us."
Show HN: If YouTube had actual channels,https://ytch.xyz,"The concept of ""actual channels"" on YouTube, a platform that has revolutionized the way we consume music and other forms of entertainment. The idea sparks debate among users, with some praising the potential benefits while others express concerns about the implications on content creators.

From an industry perspective, introducing traditional TV-style channels to YouTube could fundamentally alter the way artists reach their audience. It may lead to more curated playlists, increased discoverability for emerging acts, and potentially even new revenue streams through subscription-based models. This shift could also prompt a reevaluation of music distribution strategies, as labels and artists consider the value of having exclusive content on specific channels.

On the other hand, many users worry that this change would stifle creativity and diversity on the platform. They fear that a channel-focused approach would lead to homogenization, with popular channels dominating the landscape and smaller creators struggling to gain traction. This concerns many in the music community, where the democratizing effect of YouTube has allowed for a proliferation of niche genres and underground talent.

In terms of practical implementation, introducing traditional TV-style channels would require significant updates to YouTube's algorithm and content management systems. The platform would need to balance the desire for more curated content with its commitment to surfacing new and diverse voices. This balancing act is crucial, as YouTube has built a reputation on showcasing emerging artists and providing a launchpad for stardom.

Ultimately, the success of such an initiative hinges on the ability to strike a delicate balance between structure and freedom. By acknowledging both the benefits and concerns surrounding this concept, YouTube can continue to evolve and adapt to the changing needs of its users while preserving the platform's signature charm and creativity."
Google Pixel 9 Pro,https://store.google.com/us/product/pixel_9_pro?hl=en-US,"The recent release of the Google Pixel 9 Pro has sent shockwaves through the tech community, sparking a lively debate about the future of smartphone cameras and their potential impact on the music industry. While some argue that the device's advanced camera capabilities will revolutionize the way we capture and share live performances, others are skeptical about its ability to truly enhance the fan experience.

On one hand, the Pixel 9 Pro's impressive features, such as improved low-light performance and enhanced video recording capabilities, could allow musicians to create higher-quality content for social media platforms like YouTube and TikTok. This, in turn, could lead to a surge in user-generated concert videos and live streaming, potentially changing the way artists connect with their fans.

On the other hand, some industry insiders believe that the Pixel 9 Pro's advanced camera capabilities will primarily benefit professional videographers and photographers, rather than the music industry as a whole. They argue that while the device may be useful for capturing high-quality footage of live performances, its impact on the overall fan experience will be minimal.

As the tech industry continues to evolve at an unprecedented pace, it's clear that the Google Pixel 9 Pro is just one piece of a much larger puzzle. As we move forward, it will be essential to consider how emerging technologies like artificial intelligence and machine learning will shape the future of music production, distribution, and consumption.

Ultimately, the true impact of the Pixel 9 Pro on the music industry remains to be seen. One thing is certain, however: the intersection of technology and creativity will continue to drive innovation and transformation in the years to come."
Ex-Kansas police chief who raided local newspaper criminally charged,https://www.theguardian.com/us-news/article/2024/aug/13/marion-county-police-newspaper-raid-charges,"The news of a former Kansas police chief being criminally charged for raiding a local newspaper has sparked widespread concern and debate about the intersection of law enforcement and journalism. On one hand, many are relieved that accountability is being sought, particularly in an era where press freedom is increasingly under threat.

Common opinions suggest that this incident highlights the need for stricter measures to ensure the separation of powers between law enforcement and media organizations. The raid on the newspaper, as some have described it, represents a blatant attempt to intimidate and silence journalists from doing their job. This type of behavior can only further erode public trust in both institutions.

Furthermore, the criminal charges brought against the former police chief underscore the gravity of the situation. It is crucial that those responsible for such actions are held accountable, not just for legal reasons but also to protect the integrity of investigative reporting.

In this context, machine learning algorithms and data analysis can play a vital role in identifying patterns and anomalies that might indicate potential violations of press freedom or other forms of censorship. By leveraging these tools, we may uncover hidden biases and imbalances in power structures that ultimately threaten the very fabric of our democracy.

Ultimately, this case serves as a stark reminder of the importance of an independent media and the need for robust safeguards to protect it. As we move forward, it is essential that we prioritize transparency, accountability, and the preservation of press freedom – not just for the benefit of journalists but also for the well-being of our society as a whole."
EFF’s concerns about the UN Cybercrime Convention,https://www.eff.org/deeplinks/2024/07/effs-concerns-about-un-draft-cybercrime-convention,"The recent draft of the United Nations Cybercrime Convention has sparked intense debate and concern among experts, including the Electronic Frontier Foundation (EFF). The proposed convention aims to harmonize national laws regarding cybercrimes, but EFF warns that it may inadvertently create new threats to online privacy and security.

One common opinion is that the convention's emphasis on ""harm"" as a requirement for criminalization of certain activities could lead to over-broad interpretations. This fear is rooted in the concern that vague definitions of harm might result in the criminalization of legitimate online activities, such as freedom of expression or scientific research. EFF argues that this ambiguity could allow governments to suppress dissenting voices and stifle innovation.

Another viewpoint suggests that the convention's focus on cooperation between nations could actually facilitate greater global coordination on cybersecurity issues, ultimately benefiting users. This perspective acknowledges that international collaboration is essential in today's interconnected world, where cyber threats know no borders. However, EFF remains skeptical, citing concerns about governments using this framework to impose their own laws and standards on others.

As the music industry continues to evolve online, concerns about data privacy and security are paramount. The potential for misinterpretation or over-broad applications of the convention's harm standard could have far-reaching implications for musicians and creators who rely heavily on online platforms. Furthermore, the convention's focus on cooperation may inadvertently lead to increased surveillance and censorship, stifling artistic expression.

Ultimately, the UN Cybercrime Convention must strike a balance between addressing legitimate cyber threats and protecting individual rights and freedoms. As the debate continues, it is essential to consider the potential consequences of this agreement on the online ecosystem and the users who rely on it."
The Webb Telescope further deepens the Hubble tension controversy in cosmology,https://www.quantamagazine.org/the-webb-telescope-further-deepens-the-biggest-controversy-in-cosmology-20240813/,"The recent findings from the James Webb Space Telescope have sent shockwaves through the cosmological community, reigniting the Hubble tension controversy. This ongoing debate centers on the discrepancy between the expansion rate of the universe measured by the Hubble Space Telescope and that estimated by observations of distant galaxies.

For many scientists, the Webb telescope's data has only deepened the enigma, exacerbating concerns about the accuracy of our understanding of the cosmos. The implications are far-reaching, as this tension threatens to upend long-held assumptions about the universe's evolution and the nature of dark energy.

Some experts argue that the issue may be attributed to errors in the distance measurements or uncertainties in the calibration process. Others propose that a new fundamental force or interaction could be at play, challenging our current understanding of gravity and its role in shaping the universe's expansion.

As the scientific community continues to grapple with these findings, it's clear that the Hubble tension will remain a pressing concern in cosmology. The Webb telescope's contributions have only added complexity to this already contentious debate, underscoring the importance of ongoing research and refinement in our understanding of the cosmos.

Ultimately, the resolution of this controversy will require continued collaboration among researchers from diverse disciplines, leveraging cutting-edge technologies like machine learning and advanced computational methods to analyze the vast amounts of data generated by next-generation telescopes."
Hacking the largest airline and hotel rewards platform (2023),https://samcurry.net/points-com,"The recent breach of Points.com, a leading loyalty rewards platform, has sent shockwaves through the travel and hospitality industries. This hacking incident highlights the vulnerability of even the most secure systems to sophisticated attacks. As concerns mount over data privacy and security, it's essential to examine the impact on consumers, businesses, and the broader industry landscape.

On one hand, the breach may have significant consequences for individuals who rely on loyalty programs to accumulate rewards. The compromised information includes points balances, account numbers, and personal details, leaving users vulnerable to identity theft and fraud. Moreover, the lack of transparency in reporting the incident has fueled anxiety among customers, eroding trust in the system.

On the other hand, the breach serves as a wake-up call for businesses to prioritize data security and implement robust measures against cyber threats. The hospitality and travel industries, which heavily rely on loyalty programs to drive customer engagement and retention, must take proactive steps to safeguard their systems. This may involve investing in advanced threat detection technologies, conducting regular security audits, and developing incident response plans.

The hack also underscores the importance of data management and regulation. As the rewards ecosystem continues to grow, regulatory bodies must establish clear guidelines for data privacy and security standards. This would help mitigate the risks associated with large-scale breaches and provide a framework for businesses to operate within.

In conclusion, the Points.com breach highlights the need for heightened vigilance in protecting sensitive information. By acknowledging the severity of this incident and taking proactive measures to strengthen security, both individuals and businesses can minimize the impact of future attacks and restore trust in the loyalty rewards system.

Keywords: Points.com, loyalty rewards platform, data privacy, cybersecurity, hospitality industry, travel industry."
Launch HN: Trellis (YC W24) – AI-powered workflows for unstructured data,item?id=41236273,"The rise of artificial intelligence (AI) in the music industry is a fascinating topic. The recent launch of Trellis, an AI-powered workflow solution for unstructured data, has sparked both excitement and skepticism among professionals.

On one hand, AI can streamline tedious tasks, freeing up creatives to focus on high-level artistic decisions. For instance, AI-assisted music production tools can help generate beats, melodies, or even entire tracks, potentially revolutionizing the songwriting process. Trellis's ability to organize and analyze large datasets of unstructured data, such as audio files or metadata, could also aid in discovering new trends, genres, or artists.

On the other hand, concerns about AI replacing human creativity and autonomy are valid. Some argue that AI-generated music may lack the emotional depth and authenticity that comes from human touch. Others worry about the potential for algorithmic biases to influence music recommendations or discovery, potentially stifling diversity in the industry.

Furthermore, the integration of AI into the music industry raises questions about ownership and royalties. As AI-generated content becomes more prevalent, it will be crucial to establish clear guidelines on who owns the rights to AI-produced music and how revenue is distributed among creators, producers, and platforms.

Ultimately, the impact of Trellis and similar AI-powered solutions depends on how they are implemented and regulated. By harnessing the power of AI while preserving human creativity and agency, the music industry can potentially unlock new opportunities for innovation, efficiency, and artistic expression."
AudioFlux: A C/C++ library for audio and music analysis,https://github.com/libAudioFlux/audioFlux,"The release of AudioFlux, a comprehensive C/C++ library for audio and music analysis, has sent shockwaves throughout the music industry. This innovative tool is poised to revolutionize the way artists, producers, and record labels approach music creation and evaluation.

Common opinions among musicians and industry professionals suggest that AudioFlux's advanced capabilities will significantly enhance the creative process. By providing a robust platform for audio signal processing, feature extraction, and machine learning-based analysis, AudioFlux enables users to analyze and manipulate audio signals with unprecedented precision. This could lead to the development of novel sounds, improved music production, and more informed decision-making during the songwriting process.

Moreover, AudioFlux's potential impact on music discovery and recommendation systems is significant. By analyzing audio features and patterns, the library can facilitate the creation of personalized playlists and improve music recommendation algorithms. This could result in fans discovering new artists and genres that better match their tastes.

However, some have expressed concerns about the potential displacement of human intuition in music creation. With AI-powered tools like AudioFlux becoming increasingly sophisticated, there is a risk that they might overshadow human creativity and diminish the emotional connection between listeners and music. While this remains a topic of debate, it is essential to acknowledge the value of both human creativity and technological innovation in the music industry.

In conclusion, the release of AudioFlux marks an exciting milestone in the intersection of music and technology. As the library continues to evolve and mature, its impact on the music industry will likely be profound. With great power comes great responsibility, and it is crucial that we strike a balance between harnessing AI's potential and preserving the essence of human creativity in music."
